{"cameraMode":{"drawMode":0,"name":"Shaded","section":"Shading Mode"},"sceneLighting":true,"audioPlay":false,"sceneViewState":{"showFog":true,"showMaterialUpdate":false,"showSkybox":true,"showFlares":true,"showImageEffects":true,"showParticleSystems":true},"in2DMode":false,"pivot":{"x":-0.806154727935791,"y":-0.9667510986328125,"z":-5.125222682952881},"rotation":{"x":-0.8247833847999573,"y":0.026223184540867807,"z":-0.03838014602661133,"w":-0.5635350942611694},"size":11.847311973571778,"orthographic":true}